model,MAE,RMSE,Adjusted_MAPE,WMAPE,R2
Linear Regression,860998.4740639153,1175742.6601927914,15.581109971223395,8.088531920512972,0.9829641995021009
Naive Baseline,772661.5139024393,1232682.3095644535,6.9464784891385385,7.25866247991494,0.9812742026227906
Random Forest,1145300.5065531067,1576408.1417345852,16.367754292468636,10.759368320491117,0.9693750540114049
