year,total_entries,total_exits,total_flow,avg_bottleneck_score
2022,844130.0,836790.0,1680920.0,0.45803757350759544
2023,1056200.0,1049260.0,2105460.0,0.46285295575245905
